ID,Species,Generation_ID,Height,Weight,Base_EXP,Type_1,Type_2,HP,ATK,DEF,Speed,Special_ATK,Special_DEF,PokeType_Combo,SingleType
1,Bulbasaur,1,0.7,6.9,64,Grass,Poison,45,49,49,45,65,65,Grass+Poison,False
2,Ivysaur,1,1.0,13.0,142,Grass,Poison,60,62,63,60,80,80,Grass+Poison,False
3,Venusaur,1,2.0,100.0,236,Grass,Poison,80,82,83,80,100,100,Grass+Poison,False
4,Charmander,1,0.6,8.5,62,Fire,,39,52,43,65,60,50,,True
5,Charmeleon,1,1.1,19.0,142,Fire,,58,64,58,80,80,65,,True
6,Charizard,1,1.7,90.5,240,Fire,Flying,78,84,78,100,109,85,Fire+Flying,False
7,Squirtle,1,0.5,9.0,63,Water,,44,48,65,43,50,64,,True
8,Wartortle,1,1.0,22.5,142,Water,,59,63,80,58,65,80,,True
9,Blastoise,1,1.6,85.5,239,Water,,79,83,100,78,85,105,,True
10,Caterpie,1,0.3,2.9,39,Bug,,45,30,35,45,20,20,,True
11,Metapod,1,0.7,9.9,72,Bug,,50,20,55,30,25,25,,True
12,Butterfree,1,1.1,32.0,178,Bug,Flying,60,45,50,70,90,80,Bug+Flying,False
13,Weedle,1,0.3,3.2,39,Bug,Poison,40,35,30,50,20,20,Bug+Poison,False
14,Kakuna,1,0.6,10.0,72,Bug,Poison,45,25,50,35,25,25,Bug+Poison,False
15,Beedrill,1,1.0,29.5,178,Bug,Poison,65,90,40,75,45,80,Bug+Poison,False
16,Pidgey,1,0.3,1.8,50,Normal,Flying,40,45,40,56,35,35,Normal+Flying,False
17,Pidgeotto,1,1.1,30.0,122,Normal,Flying,63,60,55,71,50,50,Normal+Flying,False
18,Pidgeot,1,1.5,39.5,216,Normal,Flying,83,80,75,101,70,70,Normal+Flying,False
19,Rattata,1,0.3,3.5,51,Normal,,30,56,35,72,25,35,,True
20,Raticate,1,0.7,18.5,145,Normal,,55,81,60,97,50,70,,True
21,Spearow,1,0.3,2.0,52,Normal,Flying,40,60,30,70,31,31,Normal+Flying,False
22,Fearow,1,1.2,38.0,155,Normal,Flying,65,90,65,100,61,61,Normal+Flying,False
23,Ekans,1,2.0,6.9,58,Poison,,35,60,44,55,40,54,,True
24,Arbok,1,3.5,65.0,157,Poison,,60,95,69,80,65,79,,True
25,Pikachu,1,0.4,6.0,112,Electric,,35,55,40,90,50,50,,True
26,Raichu,1,0.8,30.0,218,Electric,,60,90,55,110,90,80,,True
27,Sandshrew,1,0.6,12.0,60,Ground,,50,75,85,40,20,30,,True
28,Sandslash,1,1.0,29.5,158,Ground,,75,100,110,65,45,55,,True
29,Nidoran-F,1,0.4,7.0,55,Poison,,55,47,52,41,40,40,,True
30,Nidorina,1,0.8,20.0,128,Poison,,70,62,67,56,55,55,,True
31,Nidoqueen,1,1.3,60.0,227,Poison,Ground,90,92,87,76,75,85,Poison+Ground,False
32,Nidoran-M,1,0.5,9.0,55,Poison,,46,57,40,50,40,40,,True
33,Nidorino,1,0.9,19.5,128,Poison,,61,72,57,65,55,55,,True
34,Nidoking,1,1.4,62.0,227,Poison,Ground,81,102,77,85,85,75,Poison+Ground,False
35,Clefairy,1,0.6,7.5,113,Fairy,,70,45,48,35,60,65,,True
36,Clefable,1,1.3,40.0,217,Fairy,,95,70,73,60,95,90,,True
37,Vulpix,1,0.6,9.9,60,Fire,,38,41,40,65,50,65,,True
38,Ninetales,1,1.1,19.9,177,Fire,,73,76,75,100,81,100,,True
39,Jigglypuff,1,0.5,5.5,95,Normal,Fairy,115,45,20,20,45,25,Normal+Fairy,False
40,Wigglytuff,1,1.0,12.0,196,Normal,Fairy,140,70,45,45,85,50,Normal+Fairy,False
41,Zubat,1,0.8,7.5,49,Poison,Flying,40,45,35,55,30,40,Poison+Flying,False
42,Golbat,1,1.6,55.0,159,Poison,Flying,75,80,70,90,65,75,Poison+Flying,False
43,Oddish,1,0.5,5.4,64,Grass,Poison,45,50,55,30,75,65,Grass+Poison,False
44,Gloom,1,0.8,8.6,138,Grass,Poison,60,65,70,40,85,75,Grass+Poison,False
45,Vileplume,1,1.2,18.6,221,Grass,Poison,75,80,85,50,110,90,Grass+Poison,False
46,Paras,1,0.3,5.4,57,Bug,Grass,35,70,55,25,45,55,Bug+Grass,False
47,Parasect,1,1.0,29.5,142,Bug,Grass,60,95,80,30,60,80,Bug+Grass,False
48,Venonat,1,1.0,30.0,61,Bug,Poison,60,55,50,45,40,55,Bug+Poison,False
49,Venomoth,1,1.5,12.5,158,Bug,Poison,70,65,60,90,90,75,Bug+Poison,False
50,Diglett,1,0.2,0.8,53,Ground,,10,55,25,95,35,45,,True
51,Dugtrio,1,0.7,33.3,149,Ground,,35,100,50,120,50,70,,True
52,Meowth,1,0.4,4.2,58,Normal,,40,45,35,90,40,40,,True
53,Persian,1,1.0,32.0,154,Normal,,65,70,60,115,65,65,,True
54,Psyduck,1,0.8,19.6,64,Water,,50,52,48,55,65,50,,True
55,Golduck,1,1.7,76.6,175,Water,,80,82,78,85,95,80,,True
56,Mankey,1,0.5,28.0,61,Fighting,,40,80,35,70,35,45,,True
57,Primeape,1,1.0,32.0,159,Fighting,,65,105,60,95,60,70,,True
58,Growlithe,1,0.7,19.0,70,Fire,,55,70,45,60,70,50,,True
59,Arcanine,1,1.9,155.0,194,Fire,,90,110,80,95,100,80,,True
60,Poliwag,1,0.6,12.4,60,Water,,40,50,40,90,40,40,,True
61,Poliwhirl,1,1.0,20.0,135,Water,,65,65,65,90,50,50,,True
62,Poliwrath,1,1.3,54.0,230,Water,Fighting,90,95,95,70,70,90,Water+Fighting,False
63,Abra,1,0.9,19.5,62,Psychic,,25,20,15,90,105,55,,True
64,Kadabra,1,1.3,56.5,140,Psychic,,40,35,30,105,120,70,,True
65,Alakazam,1,1.5,48.0,225,Psychic,,55,50,45,120,135,95,,True
66,Machop,1,0.8,19.5,61,Fighting,,70,80,50,35,35,35,,True
67,Machoke,1,1.5,70.5,142,Fighting,,80,100,70,45,50,60,,True
68,Machamp,1,1.6,130.0,227,Fighting,,90,130,80,55,65,85,,True
69,Bellsprout,1,0.7,4.0,60,Grass,Poison,50,75,35,40,70,30,Grass+Poison,False
70,Weepinbell,1,1.0,6.4,137,Grass,Poison,65,90,50,55,85,45,Grass+Poison,False
71,Victreebel,1,1.7,15.5,221,Grass,Poison,80,105,65,70,100,70,Grass+Poison,False
72,Tentacool,1,0.9,45.5,67,Water,Poison,40,40,35,70,50,100,Water+Poison,False
73,Tentacruel,1,1.6,55.0,180,Water,Poison,80,70,65,100,80,120,Water+Poison,False
74,Geodude,1,0.4,20.0,60,Rock,Ground,40,80,100,20,30,30,Rock+Ground,False
75,Graveler,1,1.0,105.0,137,Rock,Ground,55,95,115,35,45,45,Rock+Ground,False
76,Golem,1,1.4,300.0,223,Rock,Ground,80,120,130,45,55,65,Rock+Ground,False
77,Ponyta,1,1.0,30.0,82,Fire,,50,85,55,90,65,65,,True
78,Rapidash,1,1.7,95.0,175,Fire,,65,100,70,105,80,80,,True
79,Slowpoke,1,1.2,36.0,63,Water,Psychic,90,65,65,15,40,40,Water+Psychic,False
80,Slowbro,1,1.6,78.5,172,Water,Psychic,95,75,110,30,100,80,Water+Psychic,False
81,Magnemite,1,0.3,6.0,65,Electric,Steel,25,35,70,45,95,55,Electric+Steel,False
82,Magneton,1,1.0,60.0,163,Electric,Steel,50,60,95,70,120,70,Electric+Steel,False
83,Farfetchd,1,0.8,15.0,132,Normal,Flying,52,90,55,60,58,62,Normal+Flying,False
84,Doduo,1,1.4,39.2,62,Normal,Flying,35,85,45,75,35,35,Normal+Flying,False
85,Dodrio,1,1.8,85.2,165,Normal,Flying,60,110,70,110,60,60,Normal+Flying,False
86,Seel,1,1.1,90.0,65,Water,,65,45,55,45,45,70,,True
87,Dewgong,1,1.7,120.0,166,Water,Ice,90,70,80,70,70,95,Water+Ice,False
88,Grimer,1,0.9,30.0,65,Poison,,80,80,50,25,40,50,,True
89,Muk,1,1.2,30.0,175,Poison,,105,105,75,50,65,100,,True
90,Shellder,1,0.3,4.0,61,Water,,30,65,100,40,45,25,,True
91,Cloyster,1,1.5,132.5,184,Water,Ice,50,95,180,70,85,45,Water+Ice,False
92,Gastly,1,1.3,0.1,62,Ghost,Poison,30,35,30,80,100,35,Ghost+Poison,False
93,Haunter,1,1.6,0.1,142,Ghost,Poison,45,50,45,95,115,55,Ghost+Poison,False
94,Gengar,1,1.5,40.5,225,Ghost,Poison,60,65,60,110,130,75,Ghost+Poison,False
95,Onix,1,8.8,210.0,77,Rock,Ground,35,45,160,70,30,45,Rock+Ground,False
96,Drowzee,1,1.0,32.4,66,Psychic,,60,48,45,42,43,90,,True
97,Hypno,1,1.6,75.6,169,Psychic,,85,73,70,67,73,115,,True
98,Krabby,1,0.4,6.5,65,Water,,30,105,90,50,25,25,,True
99,Kingler,1,1.3,60.0,166,Water,,55,130,115,75,50,50,,True
100,Voltorb,1,0.5,10.4,66,Electric,,40,30,50,100,55,55,,True
101,Electrode,1,1.2,66.6,172,Electric,,60,50,70,150,80,80,,True
102,Exeggcute,1,0.4,2.5,65,Grass,Psychic,60,40,80,40,60,45,Grass+Psychic,False
103,Exeggutor,1,2.0,120.0,186,Grass,Psychic,95,95,85,55,125,75,Grass+Psychic,False
104,Cubone,1,0.4,6.5,64,Ground,,50,50,95,35,40,50,,True
105,Marowak,1,1.0,45.0,149,Ground,,60,80,110,45,50,80,,True
106,Hitmonlee,1,1.5,49.8,159,Fighting,,50,120,53,87,35,110,,True
107,Hitmonchan,1,1.4,50.2,159,Fighting,,50,105,79,76,35,110,,True
108,Lickitung,1,1.2,65.5,77,Normal,,90,55,75,30,60,75,,True
109,Koffing,1,0.6,1.0,68,Poison,,40,65,95,35,60,45,,True
110,Weezing,1,1.2,9.5,172,Poison,,65,90,120,60,85,70,,True
111,Rhyhorn,1,1.0,115.0,69,Ground,Rock,80,85,95,25,30,30,Ground+Rock,False
112,Rhydon,1,1.9,120.0,170,Ground,Rock,105,130,120,40,45,45,Ground+Rock,False
113,Chansey,1,1.1,34.6,395,Normal,,250,5,5,50,35,105,,True
114,Tangela,1,1.0,35.0,87,Grass,,65,55,115,60,100,40,,True
115,Kangaskhan,1,2.2,80.0,172,Normal,,105,95,80,90,40,80,,True
116,Horsea,1,0.4,8.0,59,Water,,30,40,70,60,70,25,,True
117,Seadra,1,1.2,25.0,154,Water,,55,65,95,85,95,45,,True
118,Goldeen,1,0.6,15.0,64,Water,,45,67,60,63,35,50,,True
119,Seaking,1,1.3,39.0,158,Water,,80,92,65,68,65,80,,True
120,Staryu,1,0.8,34.5,68,Water,,30,45,55,85,70,55,,True
121,Starmie,1,1.1,80.0,182,Water,Psychic,60,75,85,115,100,85,Water+Psychic,False
122,Mr-Mime,1,1.3,54.5,161,Psychic,Fairy,40,45,65,90,100,120,Psychic+Fairy,False
123,Scyther,1,1.5,56.0,100,Bug,Flying,70,110,80,105,55,80,Bug+Flying,False
124,Jynx,1,1.4,40.6,159,Ice,Psychic,65,50,35,95,115,95,Ice+Psychic,False
125,Electabuzz,1,1.1,30.0,172,Electric,,65,83,57,105,95,85,,True
126,Magmar,1,1.3,44.5,173,Fire,,65,95,57,93,100,85,,True
127,Pinsir,1,1.5,55.0,175,Bug,,65,125,100,85,55,70,,True
128,Tauros,1,1.4,88.4,172,Normal,,75,100,95,110,40,70,,True
129,Magikarp,1,0.9,10.0,40,Water,,20,10,55,80,15,20,,True
130,Gyarados,1,6.5,235.0,189,Water,Flying,95,125,79,81,60,100,Water+Flying,False
131,Lapras,1,2.5,220.0,187,Water,Ice,130,85,80,60,85,95,Water+Ice,False
132,Ditto,1,0.3,4.0,101,Normal,,48,48,48,48,48,48,,True
133,Eevee,1,0.3,6.5,65,Normal,,55,55,50,55,45,65,,True
134,Vaporeon,1,1.0,29.0,184,Water,,130,65,60,65,110,95,,True
135,Jolteon,1,0.8,24.5,184,Electric,,65,65,60,130,110,95,,True
136,Flareon,1,0.9,25.0,184,Fire,,65,130,60,65,95,110,,True
137,Porygon,1,0.8,36.5,79,Normal,,65,60,70,40,85,75,,True
138,Omanyte,1,0.4,7.5,71,Rock,Water,35,40,100,35,90,55,Rock+Water,False
139,Omastar,1,1.0,35.0,173,Rock,Water,70,60,125,55,115,70,Rock+Water,False
140,Kabuto,1,0.5,11.5,71,Rock,Water,30,80,90,55,55,45,Rock+Water,False
141,Kabutops,1,1.3,40.5,173,Rock,Water,60,115,105,80,65,70,Rock+Water,False
142,Aerodactyl,1,1.8,59.0,180,Rock,Flying,80,105,65,130,60,75,Rock+Flying,False
143,Snorlax,1,2.1,460.0,189,Normal,,160,110,65,30,65,110,,True
144,Articuno,1,1.7,55.4,261,Ice,Flying,90,85,100,85,95,125,Ice+Flying,False
145,Zapdos,1,1.6,52.6,261,Electric,Flying,90,90,85,100,125,90,Electric+Flying,False
146,Moltres,1,2.0,60.0,261,Fire,Flying,90,100,90,90,125,85,Fire+Flying,False
147,Dratini,1,1.8,3.3,60,Dragon,,41,64,45,50,50,50,,True
148,Dragonair,1,4.0,16.5,147,Dragon,,61,84,65,70,70,70,,True
149,Dragonite,1,2.2,210.0,270,Dragon,Flying,91,134,95,80,100,100,Dragon+Flying,False
150,Mewtwo,1,2.0,122.0,306,Psychic,,106,110,90,130,154,90,,True
151,Mew,1,0.4,4.0,270,Psychic,,100,100,100,100,100,100,,True
152,Chikorita,2,0.9,6.4,64,Grass,,45,49,65,45,49,65,,True
153,Bayleef,2,1.2,15.8,142,Grass,,60,62,80,60,63,80,,True
154,Meganium,2,1.8,100.5,236,Grass,,80,82,100,80,83,100,,True
155,Cyndaquil,2,0.5,7.9,62,Fire,,39,52,43,65,60,50,,True
156,Quilava,2,0.9,19.0,142,Fire,,58,64,58,80,80,65,,True
157,Typhlosion,2,1.7,79.5,240,Fire,,78,84,78,100,109,85,,True
158,Totodile,2,0.6,9.5,63,Water,,50,65,64,43,44,48,,True
159,Croconaw,2,1.1,25.0,142,Water,,65,80,80,58,59,63,,True
160,Feraligatr,2,2.3,88.8,239,Water,,85,105,100,78,79,83,,True
161,Sentret,2,0.8,6.0,43,Normal,,35,46,34,20,35,45,,True
162,Furret,2,1.8,32.5,145,Normal,,85,76,64,90,45,55,,True
163,Hoothoot,2,0.7,21.2,52,Normal,Flying,60,30,30,50,36,56,Normal+Flying,False
164,Noctowl,2,1.6,40.8,158,Normal,Flying,100,50,50,70,86,96,Normal+Flying,False
165,Ledyba,2,1.0,10.8,53,Bug,Flying,40,20,30,55,40,80,Bug+Flying,False
166,Ledian,2,1.4,35.6,137,Bug,Flying,55,35,50,85,55,110,Bug+Flying,False
167,Spinarak,2,0.5,8.5,50,Bug,Poison,40,60,40,30,40,40,Bug+Poison,False
168,Ariados,2,1.1,33.5,140,Bug,Poison,70,90,70,40,60,70,Bug+Poison,False
169,Crobat,2,1.8,75.0,241,Poison,Flying,85,90,80,130,70,80,Poison+Flying,False
170,Chinchou,2,0.5,12.0,66,Water,Electric,75,38,38,67,56,56,Water+Electric,False
171,Lanturn,2,1.2,22.5,161,Water,Electric,125,58,58,67,76,76,Water+Electric,False
172,Pichu,2,0.3,2.0,41,Electric,,20,40,15,60,35,35,,True
173,Cleffa,2,0.3,3.0,44,Fairy,,50,25,28,15,45,55,,True
174,Igglybuff,2,0.3,1.0,42,Normal,Fairy,90,30,15,15,40,20,Normal+Fairy,False
175,Togepi,2,0.3,1.5,49,Fairy,,35,20,65,20,40,65,,True
176,Togetic,2,0.6,3.2,142,Fairy,Flying,55,40,85,40,80,105,Fairy+Flying,False
177,Natu,2,0.2,2.0,64,Psychic,Flying,40,50,45,70,70,45,Psychic+Flying,False
178,Xatu,2,1.5,15.0,165,Psychic,Flying,65,75,70,95,95,70,Psychic+Flying,False
179,Mareep,2,0.6,7.8,56,Electric,,55,40,40,35,65,45,,True
180,Flaaffy,2,0.8,13.3,128,Electric,,70,55,55,45,80,60,,True
181,Ampharos,2,1.4,61.5,230,Electric,,90,75,85,55,115,90,,True
182,Bellossom,2,0.4,5.8,221,Grass,,75,80,95,50,90,100,,True
183,Marill,2,0.4,8.5,88,Water,Fairy,70,20,50,40,20,50,Water+Fairy,False
184,Azumarill,2,0.8,28.5,189,Water,Fairy,100,50,80,50,60,80,Water+Fairy,False
185,Sudowoodo,2,1.2,38.0,144,Rock,,70,100,115,30,30,65,,True
186,Politoed,2,1.1,33.9,225,Water,,90,75,75,70,90,100,,True
187,Hoppip,2,0.4,0.5,50,Grass,Flying,35,35,40,50,35,55,Grass+Flying,False
188,Skiploom,2,0.6,1.0,119,Grass,Flying,55,45,50,80,45,65,Grass+Flying,False
189,Jumpluff,2,0.8,3.0,207,Grass,Flying,75,55,70,110,55,95,Grass+Flying,False
190,Aipom,2,0.8,11.5,72,Normal,,55,70,55,85,40,55,,True
191,Sunkern,2,0.3,1.8,36,Grass,,30,30,30,30,30,30,,True
192,Sunflora,2,0.8,8.5,149,Grass,,75,75,55,30,105,85,,True
193,Yanma,2,1.2,38.0,78,Bug,Flying,65,65,45,95,75,45,Bug+Flying,False
194,Wooper,2,0.4,8.5,42,Water,Ground,55,45,45,15,25,25,Water+Ground,False
195,Quagsire,2,1.4,75.0,151,Water,Ground,95,85,85,35,65,65,Water+Ground,False
196,Espeon,2,0.9,26.5,184,Psychic,,65,65,60,110,130,95,,True
197,Umbreon,2,1.0,27.0,184,Dark,,95,65,110,65,60,130,,True
198,Murkrow,2,0.5,2.1,81,Dark,Flying,60,85,42,91,85,42,Dark+Flying,False
199,Slowking,2,2.0,79.5,172,Water,Psychic,95,75,80,30,100,110,Water+Psychic,False
200,Misdreavus,2,0.7,1.0,87,Ghost,,60,60,60,85,85,85,,True
201,Unown,2,0.5,5.0,118,Psychic,,48,72,48,48,72,48,,True
202,Wobbuffet,2,1.3,28.5,142,Psychic,,190,33,58,33,33,58,,True
203,Girafarig,2,1.5,41.5,159,Normal,Psychic,70,80,65,85,90,65,Normal+Psychic,False
204,Pineco,2,0.6,7.2,58,Bug,,50,65,90,15,35,35,,True
205,Forretress,2,1.2,125.8,163,Bug,Steel,75,90,140,40,60,60,Bug+Steel,False
206,Dunsparce,2,1.5,14.0,145,Normal,,100,70,70,45,65,65,,True
207,Gligar,2,1.1,64.8,86,Ground,Flying,65,75,105,85,35,65,Ground+Flying,False
208,Steelix,2,9.2,400.0,179,Steel,Ground,75,85,200,30,55,65,Steel+Ground,False
209,Snubbull,2,0.6,7.8,60,Fairy,,60,80,50,30,40,40,,True
210,Granbull,2,1.4,48.7,158,Fairy,,90,120,75,45,60,60,,True
211,Qwilfish,2,0.5,3.9,88,Water,Poison,65,95,85,85,55,55,Water+Poison,False
212,Scizor,2,1.8,118.0,175,Bug,Steel,70,130,100,65,55,80,Bug+Steel,False
213,Shuckle,2,0.6,20.5,177,Bug,Rock,20,10,230,5,10,230,Bug+Rock,False
214,Heracross,2,1.5,54.0,175,Bug,Fighting,80,125,75,85,40,95,Bug+Fighting,False
215,Sneasel,2,0.9,28.0,86,Dark,Ice,55,95,55,115,35,75,Dark+Ice,False
216,Teddiursa,2,0.6,8.8,66,Normal,,60,80,50,40,50,50,,True
217,Ursaring,2,1.8,125.8,175,Normal,,90,130,75,55,75,75,,True
218,Slugma,2,0.7,35.0,50,Fire,,40,40,40,20,70,40,,True
219,Magcargo,2,0.8,55.0,151,Fire,Rock,60,50,120,30,90,80,Fire+Rock,False
220,Swinub,2,0.4,6.5,50,Ice,Ground,50,50,40,50,30,30,Ice+Ground,False
221,Piloswine,2,1.1,55.8,158,Ice,Ground,100,100,80,50,60,60,Ice+Ground,False
222,Corsola,2,0.6,5.0,144,Water,Rock,65,55,95,35,65,95,Water+Rock,False
223,Remoraid,2,0.6,12.0,60,Water,,35,65,35,65,65,35,,True
224,Octillery,2,0.9,28.5,168,Water,,75,105,75,45,105,75,,True
225,Delibird,2,0.9,16.0,116,Ice,Flying,45,55,45,75,65,45,Ice+Flying,False
226,Mantine,2,2.1,220.0,170,Water,Flying,85,40,70,70,80,140,Water+Flying,False
227,Skarmory,2,1.7,50.5,163,Steel,Flying,65,80,140,70,40,70,Steel+Flying,False
228,Houndour,2,0.6,10.8,66,Dark,Fire,45,60,30,65,80,50,Dark+Fire,False
229,Houndoom,2,1.4,35.0,175,Dark,Fire,75,90,50,95,110,80,Dark+Fire,False
230,Kingdra,2,1.8,152.0,243,Water,Dragon,75,95,95,85,95,95,Water+Dragon,False
231,Phanpy,2,0.5,33.5,66,Ground,,90,60,60,40,40,40,,True
232,Donphan,2,1.1,120.0,175,Ground,,90,120,120,50,60,60,,True
233,Porygon2,2,0.6,32.5,180,Normal,,85,80,90,60,105,95,,True
234,Stantler,2,1.4,71.2,163,Normal,,73,95,62,85,85,65,,True
235,Smeargle,2,1.2,58.0,88,Normal,,55,20,35,75,20,45,,True
236,Tyrogue,2,0.7,21.0,42,Fighting,,35,35,35,35,35,35,,True
237,Hitmontop,2,1.4,48.0,159,Fighting,,50,95,95,70,35,110,,True
238,Smoochum,2,0.4,6.0,61,Ice,Psychic,45,30,15,65,85,65,Ice+Psychic,False
239,Elekid,2,0.6,23.5,72,Electric,,45,63,37,95,65,55,,True
240,Magby,2,0.7,21.4,73,Fire,,45,75,37,83,70,55,,True
241,Miltank,2,1.2,75.5,172,Normal,,95,80,105,100,40,70,,True
242,Blissey,2,1.5,46.8,608,Normal,,255,10,10,55,75,135,,True
243,Raikou,2,1.9,178.0,261,Electric,,90,85,75,115,115,100,,True
244,Entei,2,2.1,198.0,261,Fire,,115,115,85,100,90,75,,True
245,Suicune,2,2.0,187.0,261,Water,,100,75,115,85,90,115,,True
246,Larvitar,2,0.6,72.0,60,Rock,Ground,50,64,50,41,45,50,Rock+Ground,False
247,Pupitar,2,1.2,152.0,144,Rock,Ground,70,84,70,51,65,70,Rock+Ground,False
248,Tyranitar,2,2.0,202.0,270,Rock,Dark,100,134,110,61,95,100,Rock+Dark,False
249,Lugia,2,5.2,216.0,306,Psychic,Flying,106,90,130,110,90,154,Psychic+Flying,False
250,Ho-Oh,2,3.8,199.0,306,Fire,Flying,106,130,90,90,110,154,Fire+Flying,False
251,Celebi,2,0.6,5.0,270,Psychic,Grass,100,100,100,100,100,100,Psychic+Grass,False
252,Treecko,3,0.5,5.0,62,Grass,,40,45,35,70,65,55,,True
253,Grovyle,3,0.9,21.6,142,Grass,,50,65,45,95,85,65,,True
254,Sceptile,3,1.7,52.2,239,Grass,,70,85,65,120,105,85,,True
255,Torchic,3,0.4,2.5,62,Fire,,45,60,40,45,70,50,,True
256,Combusken,3,0.9,19.5,142,Fire,Fighting,60,85,60,55,85,60,Fire+Fighting,False
257,Blaziken,3,1.9,52.0,239,Fire,Fighting,80,120,70,80,110,70,Fire+Fighting,False
258,Mudkip,3,0.4,7.6,62,Water,,50,70,50,40,50,50,,True
259,Marshtomp,3,0.7,28.0,142,Water,Ground,70,85,70,50,60,70,Water+Ground,False
260,Swampert,3,1.5,81.9,241,Water,Ground,100,110,90,60,85,90,Water+Ground,False
261,Poochyena,3,0.5,13.6,56,Dark,,35,55,35,35,30,30,,True
262,Mightyena,3,1.0,37.0,147,Dark,,70,90,70,70,60,60,,True
263,Zigzagoon,3,0.4,17.5,56,Normal,,38,30,41,60,30,41,,True
264,Linoone,3,0.5,32.5,147,Normal,,78,70,61,100,50,61,,True
265,Wurmple,3,0.3,3.6,56,Bug,,45,45,35,20,20,30,,True
266,Silcoon,3,0.6,10.0,72,Bug,,50,35,55,15,25,25,,True
267,Beautifly,3,1.0,28.4,178,Bug,Flying,60,70,50,65,100,50,Bug+Flying,False
268,Cascoon,3,0.7,11.5,72,Bug,,50,35,55,15,25,25,,True
269,Dustox,3,1.2,31.6,173,Bug,Poison,60,50,70,65,50,90,Bug+Poison,False
270,Lotad,3,0.5,2.6,44,Water,Grass,40,30,30,30,40,50,Water+Grass,False
271,Lombre,3,1.2,32.5,119,Water,Grass,60,50,50,50,60,70,Water+Grass,False
272,Ludicolo,3,1.5,55.0,216,Water,Grass,80,70,70,70,90,100,Water+Grass,False
273,Seedot,3,0.5,4.0,44,Grass,,40,40,50,30,30,30,,True
274,Nuzleaf,3,1.0,28.0,119,Grass,Dark,70,70,40,60,60,40,Grass+Dark,False
275,Shiftry,3,1.3,59.6,216,Grass,Dark,90,100,60,80,90,60,Grass+Dark,False
276,Taillow,3,0.3,2.3,54,Normal,Flying,40,55,30,85,30,30,Normal+Flying,False
277,Swellow,3,0.7,19.8,159,Normal,Flying,60,85,60,125,75,50,Normal+Flying,False
278,Wingull,3,0.6,9.5,54,Water,Flying,40,30,30,85,55,30,Water+Flying,False
279,Pelipper,3,1.2,28.0,154,Water,Flying,60,50,100,65,95,70,Water+Flying,False
280,Ralts,3,0.4,6.6,40,Psychic,Fairy,28,25,25,40,45,35,Psychic+Fairy,False
281,Kirlia,3,0.8,20.2,97,Psychic,Fairy,38,35,35,50,65,55,Psychic+Fairy,False
282,Gardevoir,3,1.6,48.4,233,Psychic,Fairy,68,65,65,80,125,115,Psychic+Fairy,False
283,Surskit,3,0.5,1.7,54,Bug,Water,40,30,32,65,50,52,Bug+Water,False
284,Masquerain,3,0.8,3.6,159,Bug,Flying,70,60,62,80,100,82,Bug+Flying,False
285,Shroomish,3,0.4,4.5,59,Grass,,60,40,60,35,40,60,,True
286,Breloom,3,1.2,39.2,161,Grass,Fighting,60,130,80,70,60,60,Grass+Fighting,False
287,Slakoth,3,0.8,24.0,56,Normal,,60,60,60,30,35,35,,True
288,Vigoroth,3,1.4,46.5,154,Normal,,80,80,80,90,55,55,,True
289,Slaking,3,2.0,130.5,252,Normal,,150,160,100,100,95,65,,True
290,Nincada,3,0.5,5.5,53,Bug,Ground,31,45,90,40,30,30,Bug+Ground,False
291,Ninjask,3,0.8,12.0,160,Bug,Flying,61,90,45,160,50,50,Bug+Flying,False
292,Shedinja,3,0.8,1.2,83,Bug,Ghost,1,90,45,40,30,30,Bug+Ghost,False
293,Whismur,3,0.6,16.3,48,Normal,,64,51,23,28,51,23,,True
294,Loudred,3,1.0,40.5,126,Normal,,84,71,43,48,71,43,,True
295,Exploud,3,1.5,84.0,221,Normal,,104,91,63,68,91,73,,True
296,Makuhita,3,1.0,86.4,47,Fighting,,72,60,30,25,20,30,,True
297,Hariyama,3,2.3,253.8,166,Fighting,,144,120,60,50,40,60,,True
298,Azurill,3,0.2,2.0,38,Normal,Fairy,50,20,40,20,20,40,Normal+Fairy,False
299,Nosepass,3,1.0,97.0,75,Rock,,30,45,135,30,45,90,,True
300,Skitty,3,0.6,11.0,52,Normal,,50,45,45,50,35,35,,True
301,Delcatty,3,1.1,32.6,140,Normal,,70,65,65,90,55,55,,True
302,Sableye,3,0.5,11.0,133,Dark,Ghost,50,75,75,50,65,65,Dark+Ghost,False
303,Mawile,3,0.6,11.5,133,Steel,Fairy,50,85,85,50,55,55,Steel+Fairy,False
304,Aron,3,0.4,60.0,66,Steel,Rock,50,70,100,30,40,40,Steel+Rock,False
305,Lairon,3,0.9,120.0,151,Steel,Rock,60,90,140,40,50,50,Steel+Rock,False
306,Aggron,3,2.1,360.0,239,Steel,Rock,70,110,180,50,60,60,Steel+Rock,False
307,Meditite,3,0.6,11.2,56,Fighting,Psychic,30,40,55,60,40,55,Fighting+Psychic,False
308,Medicham,3,1.3,31.5,144,Fighting,Psychic,60,60,75,80,60,75,Fighting+Psychic,False
309,Electrike,3,0.6,15.2,59,Electric,,40,45,40,65,65,40,,True
310,Manectric,3,1.5,40.2,166,Electric,,70,75,60,105,105,60,,True
311,Plusle,3,0.4,4.2,142,Electric,,60,50,40,95,85,75,,True
312,Minun,3,0.4,4.2,142,Electric,,60,40,50,95,75,85,,True
313,Volbeat,3,0.7,17.7,151,Bug,,65,73,75,85,47,85,,True
314,Illumise,3,0.6,17.7,151,Bug,,65,47,75,85,73,85,,True
315,Roselia,3,0.3,2.0,140,Grass,Poison,50,60,45,65,100,80,Grass+Poison,False
316,Gulpin,3,0.4,10.3,60,Poison,,70,43,53,40,43,53,,True
317,Swalot,3,1.7,80.0,163,Poison,,100,73,83,55,73,83,,True
318,Carvanha,3,0.8,20.8,61,Water,Dark,45,90,20,65,65,20,Water+Dark,False
319,Sharpedo,3,1.8,88.8,161,Water,Dark,70,120,40,95,95,40,Water+Dark,False
320,Wailmer,3,2.0,130.0,80,Water,,130,70,35,60,70,35,,True
321,Wailord,3,14.5,398.0,175,Water,,170,90,45,60,90,45,,True
322,Numel,3,0.7,24.0,61,Fire,Ground,60,60,40,35,65,45,Fire+Ground,False
323,Camerupt,3,1.9,220.0,161,Fire,Ground,70,100,70,40,105,75,Fire+Ground,False
324,Torkoal,3,0.5,80.4,165,Fire,,70,85,140,20,85,70,,True
325,Spoink,3,0.7,30.6,66,Psychic,,60,25,35,60,70,80,,True
326,Grumpig,3,0.9,71.5,165,Psychic,,80,45,65,80,90,110,,True
327,Spinda,3,1.1,5.0,126,Normal,,60,60,60,60,60,60,,True
328,Trapinch,3,0.7,15.0,58,Ground,,45,100,45,10,45,45,,True
329,Vibrava,3,1.1,15.3,119,Ground,Dragon,50,70,50,70,50,50,Ground+Dragon,False
330,Flygon,3,2.0,82.0,234,Ground,Dragon,80,100,80,100,80,80,Ground+Dragon,False
331,Cacnea,3,0.4,51.3,67,Grass,,50,85,40,35,85,40,,True
332,Cacturne,3,1.3,77.4,166,Grass,Dark,70,115,60,55,115,60,Grass+Dark,False
333,Swablu,3,0.4,1.2,62,Normal,Flying,45,40,60,50,40,75,Normal+Flying,False
334,Altaria,3,1.1,20.6,172,Dragon,Flying,75,70,90,80,70,105,Dragon+Flying,False
335,Zangoose,3,1.3,40.3,160,Normal,,73,115,60,90,60,60,,True
336,Seviper,3,2.7,52.5,160,Poison,,73,100,60,65,100,60,,True
337,Lunatone,3,1.0,168.0,161,Rock,Psychic,90,55,65,70,95,85,Rock+Psychic,False
338,Solrock,3,1.2,154.0,161,Rock,Psychic,90,95,85,70,55,65,Rock+Psychic,False
339,Barboach,3,0.4,1.9,58,Water,Ground,50,48,43,60,46,41,Water+Ground,False
340,Whiscash,3,0.9,23.6,164,Water,Ground,110,78,73,60,76,71,Water+Ground,False
341,Corphish,3,0.6,11.5,62,Water,,43,80,65,35,50,35,,True
342,Crawdaunt,3,1.1,32.8,164,Water,Dark,63,120,85,55,90,55,Water+Dark,False
343,Baltoy,3,0.5,21.5,60,Ground,Psychic,40,40,55,55,40,70,Ground+Psychic,False
344,Claydol,3,1.5,108.0,175,Ground,Psychic,60,70,105,75,70,120,Ground+Psychic,False
345,Lileep,3,1.0,23.8,71,Rock,Grass,66,41,77,23,61,87,Rock+Grass,False
346,Cradily,3,1.5,60.4,173,Rock,Grass,86,81,97,43,81,107,Rock+Grass,False
347,Anorith,3,0.7,12.5,71,Rock,Bug,45,95,50,75,40,50,Rock+Bug,False
348,Armaldo,3,1.5,68.2,173,Rock,Bug,75,125,100,45,70,80,Rock+Bug,False
349,Feebas,3,0.6,7.4,40,Water,,20,15,20,80,10,55,,True
350,Milotic,3,6.2,162.0,189,Water,,95,60,79,81,100,125,,True
351,Castform,3,0.3,0.8,147,Normal,,70,70,70,70,70,70,,True
352,Kecleon,3,1.0,22.0,154,Normal,,60,90,70,40,60,120,,True
353,Shuppet,3,0.6,2.3,59,Ghost,,44,75,35,45,63,33,,True
354,Banette,3,1.1,12.5,159,Ghost,,64,115,65,65,83,63,,True
355,Duskull,3,0.8,15.0,59,Ghost,,20,40,90,25,30,90,,True
356,Dusclops,3,1.6,30.6,159,Ghost,,40,70,130,25,60,130,,True
357,Tropius,3,2.0,100.0,161,Grass,Flying,99,68,83,51,72,87,Grass+Flying,False
358,Chimecho,3,0.6,1.0,159,Psychic,,75,50,80,65,95,90,,True
359,Absol,3,1.2,47.0,163,Dark,,65,130,60,75,75,60,,True
360,Wynaut,3,0.6,14.0,52,Psychic,,95,23,48,23,23,48,,True
361,Snorunt,3,0.7,16.8,60,Ice,,50,50,50,50,50,50,,True
362,Glalie,3,1.5,256.5,168,Ice,,80,80,80,80,80,80,,True
363,Spheal,3,0.8,39.5,58,Ice,Water,70,40,50,25,55,50,Ice+Water,False
364,Sealeo,3,1.1,87.6,144,Ice,Water,90,60,70,45,75,70,Ice+Water,False
365,Walrein,3,1.4,150.6,239,Ice,Water,110,80,90,65,95,90,Ice+Water,False
366,Clamperl,3,0.4,52.5,69,Water,,35,64,85,32,74,55,,True
367,Huntail,3,1.7,27.0,170,Water,,55,104,105,52,94,75,,True
368,Gorebyss,3,1.8,22.6,170,Water,,55,84,105,52,114,75,,True
369,Relicanth,3,1.0,23.4,170,Water,Rock,100,90,130,55,45,65,Water+Rock,False
370,Luvdisc,3,0.6,8.7,116,Water,,43,30,55,97,40,65,,True
371,Bagon,3,0.6,42.1,60,Dragon,,45,75,60,50,40,30,,True
372,Shelgon,3,1.1,110.5,147,Dragon,,65,95,100,50,60,50,,True
373,Salamence,3,1.5,102.6,270,Dragon,Flying,95,135,80,100,110,80,Dragon+Flying,False
374,Beldum,3,0.6,95.2,60,Steel,Psychic,40,55,80,30,35,60,Steel+Psychic,False
375,Metang,3,1.2,202.5,147,Steel,Psychic,60,75,100,50,55,80,Steel+Psychic,False
376,Metagross,3,1.6,550.0,270,Steel,Psychic,80,135,130,70,95,90,Steel+Psychic,False
377,Regirock,3,1.7,230.0,261,Rock,,80,100,200,50,50,100,,True
378,Regice,3,1.8,175.0,261,Ice,,80,50,100,50,100,200,,True
379,Registeel,3,1.9,205.0,261,Steel,,80,75,150,50,75,150,,True
380,Latias,3,1.4,40.0,270,Dragon,Psychic,80,80,90,110,110,130,Dragon+Psychic,False
381,Latios,3,2.0,60.0,270,Dragon,Psychic,80,90,80,110,130,110,Dragon+Psychic,False
382,Kyogre,3,4.5,352.0,302,Water,,100,100,90,90,150,140,,True
383,Groudon,3,3.5,950.0,302,Ground,,100,150,140,90,100,90,,True
384,Rayquaza,3,7.0,206.5,306,Dragon,Flying,105,150,90,95,150,90,Dragon+Flying,False
385,Jirachi,3,0.3,1.1,270,Steel,Psychic,100,100,100,100,100,100,Steel+Psychic,False
386,Deoxys,3,1.7,60.8,270,Psychic,,50,150,50,150,150,50,,True
387,Turtwig,4,0.4,10.2,64,Grass,,55,68,64,31,45,55,,True
388,Grotle,4,1.1,97.0,142,Grass,,75,89,85,36,55,65,,True
389,Torterra,4,2.2,310.0,236,Grass,Ground,95,109,105,56,75,85,Grass+Ground,False
390,Chimchar,4,0.5,6.2,62,Fire,,44,58,44,61,58,44,,True
391,Monferno,4,0.9,22.0,142,Fire,Fighting,64,78,52,81,78,52,Fire+Fighting,False
392,Infernape,4,1.2,55.0,240,Fire,Fighting,76,104,71,108,104,71,Fire+Fighting,False
393,Piplup,4,0.4,5.2,63,Water,,53,51,53,40,61,56,,True
394,Prinplup,4,0.8,23.0,142,Water,,64,66,68,50,81,76,,True
395,Empoleon,4,1.7,84.5,239,Water,Steel,84,86,88,60,111,101,Water+Steel,False
396,Starly,4,0.3,2.0,49,Normal,Flying,40,55,30,60,30,30,Normal+Flying,False
397,Staravia,4,0.6,15.5,119,Normal,Flying,55,75,50,80,40,40,Normal+Flying,False
398,Staraptor,4,1.2,24.9,218,Normal,Flying,85,120,70,100,50,60,Normal+Flying,False
399,Bidoof,4,0.5,20.0,50,Normal,,59,45,40,31,35,40,,True
400,Bibarel,4,1.0,31.5,144,Normal,Water,79,85,60,71,55,60,Normal+Water,False
401,Kricketot,4,0.3,2.2,39,Bug,,37,25,41,25,25,41,,True
402,Kricketune,4,1.0,25.5,134,Bug,,77,85,51,65,55,51,,True
403,Shinx,4,0.5,9.5,53,Electric,,45,65,34,45,40,34,,True
404,Luxio,4,0.9,30.5,127,Electric,,60,85,49,60,60,49,,True
405,Luxray,4,1.4,42.0,235,Electric,,80,120,79,70,95,79,,True
406,Budew,4,0.2,1.2,56,Grass,Poison,40,30,35,55,50,70,Grass+Poison,False
407,Roserade,4,0.9,14.5,232,Grass,Poison,60,70,65,90,125,105,Grass+Poison,False
408,Cranidos,4,0.9,31.5,70,Rock,,67,125,40,58,30,30,,True
409,Rampardos,4,1.6,102.5,173,Rock,,97,165,60,58,65,50,,True
410,Shieldon,4,0.5,57.0,70,Rock,Steel,30,42,118,30,42,88,Rock+Steel,False
411,Bastiodon,4,1.3,149.5,173,Rock,Steel,60,52,168,30,47,138,Rock+Steel,False
412,Burmy,4,0.2,3.4,45,Bug,,40,29,45,36,29,45,,True
413,Wormadam,4,0.5,6.5,148,Bug,Grass,60,59,85,36,79,105,Bug+Grass,False
414,Mothim,4,0.9,23.3,148,Bug,Flying,70,94,50,66,94,50,Bug+Flying,False
415,Combee,4,0.3,5.5,49,Bug,Flying,30,30,42,70,30,42,Bug+Flying,False
416,Vespiquen,4,1.2,38.5,166,Bug,Flying,70,80,102,40,80,102,Bug+Flying,False
417,Pachirisu,4,0.4,3.9,142,Electric,,60,45,70,95,45,90,,True
418,Buizel,4,0.7,29.5,66,Water,,55,65,35,85,60,30,,True
419,Floatzel,4,1.1,33.5,173,Water,,85,105,55,115,85,50,,True
420,Cherubi,4,0.4,3.3,55,Grass,,45,35,45,35,62,53,,True
421,Cherrim,4,0.5,9.3,158,Grass,,70,60,70,85,87,78,,True
422,Shellos,4,0.3,6.3,65,Water,,76,48,48,34,57,62,,True
423,Gastrodon,4,0.9,29.9,166,Water,Ground,111,83,68,39,92,82,Water+Ground,False
424,Ambipom,4,1.2,20.3,169,Normal,,75,100,66,115,60,66,,True
425,Drifloon,4,0.4,1.2,70,Ghost,Flying,90,50,34,70,60,44,Ghost+Flying,False
426,Drifblim,4,1.2,15.0,174,Ghost,Flying,150,80,44,80,90,54,Ghost+Flying,False
427,Buneary,4,0.4,5.5,70,Normal,,55,66,44,85,44,56,,True
428,Lopunny,4,1.2,33.3,168,Normal,,65,76,84,105,54,96,,True
429,Mismagius,4,0.9,4.4,173,Ghost,,60,60,60,105,105,105,,True
430,Honchkrow,4,0.9,27.3,177,Dark,Flying,100,125,52,71,105,52,Dark+Flying,False
431,Glameow,4,0.5,3.9,62,Normal,,49,55,42,85,42,37,,True
432,Purugly,4,1.0,43.8,158,Normal,,71,82,64,112,64,59,,True
433,Chingling,4,0.2,0.6,57,Psychic,,45,30,50,45,65,50,,True
434,Stunky,4,0.4,19.2,66,Poison,Dark,63,63,47,74,41,41,Poison+Dark,False
435,Skuntank,4,1.0,38.0,168,Poison,Dark,103,93,67,84,71,61,Poison+Dark,False
436,Bronzor,4,0.5,60.5,60,Steel,Psychic,57,24,86,23,24,86,Steel+Psychic,False
437,Bronzong,4,1.3,187.0,175,Steel,Psychic,67,89,116,33,79,116,Steel+Psychic,False
438,Bonsly,4,0.5,15.0,58,Rock,,50,80,95,10,10,45,,True
439,Mime-Jr,4,0.6,13.0,62,Psychic,Fairy,20,25,45,60,70,90,Psychic+Fairy,False
440,Happiny,4,0.6,24.4,110,Normal,,100,5,5,30,15,65,,True
441,Chatot,4,0.5,1.9,144,Normal,Flying,76,65,45,91,92,42,Normal+Flying,False
442,Spiritomb,4,1.0,108.0,170,Ghost,Dark,50,92,108,35,92,108,Ghost+Dark,False
443,Gible,4,0.7,20.5,60,Dragon,Ground,58,70,45,42,40,45,Dragon+Ground,False
444,Gabite,4,1.4,56.0,144,Dragon,Ground,68,90,65,82,50,55,Dragon+Ground,False
445,Garchomp,4,1.9,95.0,270,Dragon,Ground,108,130,95,102,80,85,Dragon+Ground,False
446,Munchlax,4,0.6,105.0,78,Normal,,135,85,40,5,40,85,,True
447,Riolu,4,0.7,20.2,57,Fighting,,40,70,40,60,35,40,,True
448,Lucario,4,1.2,54.0,184,Fighting,Steel,70,110,70,90,115,70,Fighting+Steel,False
449,Hippopotas,4,0.8,49.5,66,Ground,,68,72,78,32,38,42,,True
450,Hippowdon,4,2.0,300.0,184,Ground,,108,112,118,47,68,72,,True
451,Skorupi,4,0.8,12.0,66,Poison,Bug,40,50,90,65,30,55,Poison+Bug,False
452,Drapion,4,1.3,61.5,175,Poison,Dark,70,90,110,95,60,75,Poison+Dark,False
453,Croagunk,4,0.7,23.0,60,Poison,Fighting,48,61,40,50,61,40,Poison+Fighting,False
454,Toxicroak,4,1.3,44.4,172,Poison,Fighting,83,106,65,85,86,65,Poison+Fighting,False
455,Carnivine,4,1.4,27.0,159,Grass,,74,100,72,46,90,72,,True
456,Finneon,4,0.4,7.0,66,Water,,49,49,56,66,49,61,,True
457,Lumineon,4,1.2,24.0,161,Water,,69,69,76,91,69,86,,True
458,Mantyke,4,1.0,65.0,69,Water,Flying,45,20,50,50,60,120,Water+Flying,False
459,Snover,4,1.0,50.5,67,Grass,Ice,60,62,50,40,62,60,Grass+Ice,False
460,Abomasnow,4,2.2,135.5,173,Grass,Ice,90,92,75,60,92,85,Grass+Ice,False
461,Weavile,4,1.1,34.0,179,Dark,Ice,70,120,65,125,45,85,Dark+Ice,False
462,Magnezone,4,1.2,180.0,241,Electric,Steel,70,70,115,60,130,90,Electric+Steel,False
463,Lickilicky,4,1.7,140.0,180,Normal,,110,85,95,50,80,95,,True
464,Rhyperior,4,2.4,282.8,241,Ground,Rock,115,140,130,40,55,55,Ground+Rock,False
465,Tangrowth,4,2.0,128.6,187,Grass,,100,100,125,50,110,50,,True
466,Electivire,4,1.8,138.6,243,Electric,,75,123,67,95,95,85,,True
467,Magmortar,4,1.6,68.0,243,Fire,,75,95,67,83,125,95,,True
468,Togekiss,4,1.5,38.0,245,Fairy,Flying,85,50,95,80,120,115,Fairy+Flying,False
469,Yanmega,4,1.9,51.5,180,Bug,Flying,86,76,86,95,116,56,Bug+Flying,False
470,Leafeon,4,1.0,25.5,184,Grass,,65,110,130,95,60,65,,True
471,Glaceon,4,0.8,25.9,184,Ice,,65,60,110,65,130,95,,True
472,Gliscor,4,2.0,42.5,179,Ground,Flying,75,95,125,95,45,75,Ground+Flying,False
473,Mamoswine,4,2.5,291.0,239,Ice,Ground,110,130,80,80,70,60,Ice+Ground,False
474,Porygon-Z,4,0.9,34.0,241,Normal,,85,80,70,90,135,75,,True
475,Gallade,4,1.6,52.0,233,Psychic,Fighting,68,125,65,80,65,115,Psychic+Fighting,False
476,Probopass,4,1.4,340.0,184,Rock,Steel,60,55,145,40,75,150,Rock+Steel,False
477,Dusknoir,4,2.2,106.6,236,Ghost,,45,100,135,45,65,135,,True
478,Froslass,4,1.3,26.6,168,Ice,Ghost,70,80,70,110,80,70,Ice+Ghost,False
479,Rotom,4,0.3,0.3,154,Electric,Ghost,50,50,77,91,95,77,Electric+Ghost,False
480,Uxie,4,0.3,0.3,261,Psychic,,75,75,130,95,75,130,,True
481,Mesprit,4,0.3,0.3,261,Psychic,,80,105,105,80,105,105,,True
482,Azelf,4,0.3,0.3,261,Psychic,,75,125,70,115,125,70,,True
483,Dialga,4,5.4,683.0,306,Steel,Dragon,100,120,120,90,150,100,Steel+Dragon,False
484,Palkia,4,4.2,336.0,306,Water,Dragon,90,120,100,100,150,120,Water+Dragon,False
485,Heatran,4,1.7,430.0,270,Fire,Steel,91,90,106,77,130,106,Fire+Steel,False
486,Regigigas,4,3.7,420.0,302,Normal,,110,160,110,100,80,110,,True
487,Giratina,4,4.5,750.0,306,Ghost,Dragon,150,100,120,90,100,120,Ghost+Dragon,False
488,Cresselia,4,1.5,85.6,270,Psychic,,120,70,120,85,75,130,,True
489,Phione,4,0.4,3.1,216,Water,,80,80,80,80,80,80,,True
490,Manaphy,4,0.3,1.4,270,Water,,100,100,100,100,100,100,,True
491,Darkrai,4,1.5,50.5,270,Dark,,70,90,90,125,135,90,,True
492,Shaymin,4,0.2,2.1,270,Grass,,100,100,100,100,100,100,,True
493,Arceus,4,3.2,320.0,324,Normal,,120,120,120,120,120,120,,True
494,Victini,5,0.4,4.0,270,Psychic,Fire,100,100,100,100,100,100,Psychic+Fire,False
495,Snivy,5,0.6,8.1,62,Grass,,45,45,55,63,45,55,,True
496,Servine,5,0.8,16.0,145,Grass,,60,60,75,83,60,75,,True
497,Serperior,5,3.3,63.0,238,Grass,,75,75,95,113,75,95,,True
498,Tepig,5,0.5,9.9,62,Fire,,65,63,45,45,45,45,,True
499,Pignite,5,1.0,55.5,146,Fire,Fighting,90,93,55,55,70,55,Fire+Fighting,False
500,Emboar,5,1.6,150.0,238,Fire,Fighting,110,123,65,65,100,65,Fire+Fighting,False
501,Oshawott,5,0.5,5.9,62,Water,,55,55,45,45,63,45,,True
502,Dewott,5,0.8,24.5,145,Water,,75,75,60,60,83,60,,True
503,Samurott,5,1.5,94.6,238,Water,,95,100,85,70,108,70,,True
504,Patrat,5,0.5,11.6,51,Normal,,45,55,39,42,35,39,,True
505,Watchog,5,1.1,27.0,147,Normal,,60,85,69,77,60,69,,True
506,Lillipup,5,0.4,4.1,55,Normal,,45,60,45,55,25,45,,True
507,Herdier,5,0.9,14.7,130,Normal,,65,80,65,60,35,65,,True
508,Stoutland,5,1.2,61.0,225,Normal,,85,110,90,80,45,90,,True
509,Purrloin,5,0.4,10.1,56,Dark,,41,50,37,66,50,37,,True
510,Liepard,5,1.1,37.5,156,Dark,,64,88,50,106,88,50,,True
511,Pansage,5,0.6,10.5,63,Grass,,50,53,48,64,53,48,,True
512,Simisage,5,1.1,30.5,174,Grass,,75,98,63,101,98,63,,True
513,Pansear,5,0.6,11.0,63,Fire,,50,53,48,64,53,48,,True
514,Simisear,5,1.0,28.0,174,Fire,,75,98,63,101,98,63,,True
515,Panpour,5,0.6,13.5,63,Water,,50,53,48,64,53,48,,True
516,Simipour,5,1.0,29.0,174,Water,,75,98,63,101,98,63,,True
517,Munna,5,0.6,23.3,58,Psychic,,76,25,45,24,67,55,,True
518,Musharna,5,1.1,60.5,170,Psychic,,116,55,85,29,107,95,,True
519,Pidove,5,0.3,2.1,53,Normal,Flying,50,55,50,43,36,30,Normal+Flying,False
520,Tranquill,5,0.6,15.0,125,Normal,Flying,62,77,62,65,50,42,Normal+Flying,False
521,Unfezant,5,1.2,29.0,220,Normal,Flying,80,115,80,93,65,55,Normal+Flying,False
522,Blitzle,5,0.8,29.8,59,Electric,,45,60,32,76,50,32,,True
523,Zebstrika,5,1.6,79.5,174,Electric,,75,100,63,116,80,63,,True
524,Roggenrola,5,0.4,18.0,56,Rock,,55,75,85,15,25,25,,True
525,Boldore,5,0.9,102.0,137,Rock,,70,105,105,20,50,40,,True
526,Gigalith,5,1.7,260.0,232,Rock,,85,135,130,25,60,80,,True
527,Woobat,5,0.4,2.1,65,Psychic,Flying,65,45,43,72,55,43,Psychic+Flying,False
528,Swoobat,5,0.9,10.5,149,Psychic,Flying,67,57,55,114,77,55,Psychic+Flying,False
529,Drilbur,5,0.3,8.5,66,Ground,,60,85,40,68,30,45,,True
530,Excadrill,5,0.7,40.4,178,Ground,Steel,110,135,60,88,50,65,Ground+Steel,False
531,Audino,5,1.1,31.0,390,Normal,,103,60,86,50,60,86,,True
532,Timburr,5,0.6,12.5,61,Fighting,,75,80,55,35,25,35,,True
533,Gurdurr,5,1.2,40.0,142,Fighting,,85,105,85,40,40,50,,True
534,Conkeldurr,5,1.4,87.0,227,Fighting,,105,140,95,45,55,65,,True
535,Tympole,5,0.5,4.5,59,Water,,50,50,40,64,50,40,,True
536,Palpitoad,5,0.8,17.0,134,Water,Ground,75,65,55,69,65,55,Water+Ground,False
537,Seismitoad,5,1.5,62.0,229,Water,Ground,105,95,75,74,85,75,Water+Ground,False
538,Throh,5,1.3,55.5,163,Fighting,,120,100,85,45,30,85,,True
539,Sawk,5,1.4,51.0,163,Fighting,,75,125,75,85,30,75,,True
540,Sewaddle,5,0.3,2.5,62,Bug,Grass,45,53,70,42,40,60,Bug+Grass,False
541,Swadloon,5,0.5,7.3,133,Bug,Grass,55,63,90,42,50,80,Bug+Grass,False
542,Leavanny,5,1.2,20.5,225,Bug,Grass,75,103,80,92,70,80,Bug+Grass,False
543,Venipede,5,0.4,5.3,52,Bug,Poison,30,45,59,57,30,39,Bug+Poison,False
544,Whirlipede,5,1.2,58.5,126,Bug,Poison,40,55,99,47,40,79,Bug+Poison,False
545,Scolipede,5,2.5,200.5,218,Bug,Poison,60,100,89,112,55,69,Bug+Poison,False
546,Cottonee,5,0.3,0.6,56,Grass,Fairy,40,27,60,66,37,50,Grass+Fairy,False
547,Whimsicott,5,0.7,6.6,168,Grass,Fairy,60,67,85,116,77,75,Grass+Fairy,False
548,Petilil,5,0.5,6.6,56,Grass,,45,35,50,30,70,50,,True
549,Lilligant,5,1.1,16.3,168,Grass,,70,60,75,90,110,75,,True
550,Basculin,5,1.0,18.0,161,Water,,70,92,65,98,80,55,,True
551,Sandile,5,0.7,15.2,58,Ground,Dark,50,72,35,65,35,35,Ground+Dark,False
552,Krokorok,5,1.0,33.4,123,Ground,Dark,60,82,45,74,45,45,Ground+Dark,False
553,Krookodile,5,1.5,96.3,234,Ground,Dark,95,117,80,92,65,70,Ground+Dark,False
554,Darumaka,5,0.6,37.5,63,Fire,,70,90,45,50,15,45,,True
555,Darmanitan,5,1.3,92.9,168,Fire,,105,140,55,95,30,55,,True
556,Maractus,5,1.0,28.0,161,Grass,,75,86,67,60,106,67,,True
557,Dwebble,5,0.3,14.5,65,Bug,Rock,50,65,85,55,35,35,Bug+Rock,False
558,Crustle,5,1.4,200.0,170,Bug,Rock,70,105,125,45,65,75,Bug+Rock,False
559,Scraggy,5,0.6,11.8,70,Dark,Fighting,50,75,70,48,35,70,Dark+Fighting,False
560,Scrafty,5,1.1,30.0,171,Dark,Fighting,65,90,115,58,45,115,Dark+Fighting,False
561,Sigilyph,5,1.4,14.0,172,Psychic,Flying,72,58,80,97,103,80,Psychic+Flying,False
562,Yamask,5,0.5,1.5,61,Ghost,,38,30,85,30,55,65,,True
563,Cofagrigus,5,1.7,76.5,169,Ghost,,58,50,145,30,95,105,,True
564,Tirtouga,5,0.7,16.5,71,Water,Rock,54,78,103,22,53,45,Water+Rock,False
565,Carracosta,5,1.2,81.0,173,Water,Rock,74,108,133,32,83,65,Water+Rock,False
566,Archen,5,0.5,9.5,71,Rock,Flying,55,112,45,70,74,45,Rock+Flying,False
567,Archeops,5,1.4,32.0,177,Rock,Flying,75,140,65,110,112,65,Rock+Flying,False
568,Trubbish,5,0.6,31.0,66,Poison,,50,50,62,65,40,62,,True
569,Garbodor,5,1.9,107.3,166,Poison,,80,95,82,75,60,82,,True
570,Zorua,5,0.7,12.5,66,Dark,,40,65,40,65,80,40,,True
571,Zoroark,5,1.6,81.1,179,Dark,,60,105,60,105,120,60,,True
572,Minccino,5,0.4,5.8,60,Normal,,55,50,40,75,40,40,,True
573,Cinccino,5,0.5,7.5,165,Normal,,75,95,60,115,65,60,,True
574,Gothita,5,0.4,5.8,58,Psychic,,45,30,50,45,55,65,,True
575,Gothorita,5,0.7,18.0,137,Psychic,,60,45,70,55,75,85,,True
576,Gothitelle,5,1.5,44.0,221,Psychic,,70,55,95,65,95,110,,True
577,Solosis,5,0.3,1.0,58,Psychic,,45,30,40,20,105,50,,True
578,Duosion,5,0.6,8.0,130,Psychic,,65,40,50,30,125,60,,True
579,Reuniclus,5,1.0,20.1,221,Psychic,,110,65,75,30,125,85,,True
580,Ducklett,5,0.5,5.5,61,Water,Flying,62,44,50,55,44,50,Water+Flying,False
581,Swanna,5,1.3,24.2,166,Water,Flying,75,87,63,98,87,63,Water+Flying,False
582,Vanillite,5,0.4,5.7,61,Ice,,36,50,50,44,65,60,,True
583,Vanillish,5,1.1,41.0,138,Ice,,51,65,65,59,80,75,,True
584,Vanilluxe,5,1.3,57.5,241,Ice,,71,95,85,79,110,95,,True
585,Deerling,5,0.6,19.5,67,Normal,Grass,60,60,50,75,40,50,Normal+Grass,False
586,Sawsbuck,5,1.9,92.5,166,Normal,Grass,80,100,70,95,60,70,Normal+Grass,False
587,Emolga,5,0.4,5.0,150,Electric,Flying,55,75,60,103,75,60,Electric+Flying,False
588,Karrablast,5,0.5,5.9,63,Bug,,50,75,45,60,40,45,,True
589,Escavalier,5,1.0,33.0,173,Bug,Steel,70,135,105,20,60,105,Bug+Steel,False
590,Foongus,5,0.2,1.0,59,Grass,Poison,69,55,45,15,55,55,Grass+Poison,False
591,Amoonguss,5,0.6,10.5,162,Grass,Poison,114,85,70,30,85,80,Grass+Poison,False
592,Frillish,5,1.2,33.0,67,Water,Ghost,55,40,50,40,65,85,Water+Ghost,False
593,Jellicent,5,2.2,135.0,168,Water,Ghost,100,60,70,60,85,105,Water+Ghost,False
594,Alomomola,5,1.2,31.6,165,Water,,165,75,80,65,40,45,,True
595,Joltik,5,0.1,0.6,64,Bug,Electric,50,47,50,65,57,50,Bug+Electric,False
596,Galvantula,5,0.8,14.3,165,Bug,Electric,70,77,60,108,97,60,Bug+Electric,False
597,Ferroseed,5,0.6,18.8,61,Grass,Steel,44,50,91,10,24,86,Grass+Steel,False
598,Ferrothorn,5,1.0,110.0,171,Grass,Steel,74,94,131,20,54,116,Grass+Steel,False
599,Klink,5,0.3,21.0,60,Steel,,40,55,70,30,45,60,,True
600,Klang,5,0.6,51.0,154,Steel,,60,80,95,50,70,85,,True
601,Klinklang,5,0.6,81.0,234,Steel,,60,100,115,90,70,85,,True
602,Tynamo,5,0.2,0.3,55,Electric,,35,55,40,60,45,40,,True
603,Eelektrik,5,1.2,22.0,142,Electric,,65,85,70,40,75,70,,True
604,Eelektross,5,2.1,80.5,232,Electric,,85,115,80,50,105,80,,True
605,Elgyem,5,0.5,9.0,67,Psychic,,55,55,55,30,85,55,,True
606,Beheeyem,5,1.0,34.5,170,Psychic,,75,75,75,40,125,95,,True
607,Litwick,5,0.3,3.1,55,Ghost,Fire,50,30,55,20,65,55,Ghost+Fire,False
608,Lampent,5,0.6,13.0,130,Ghost,Fire,60,40,60,55,95,60,Ghost+Fire,False
609,Chandelure,5,1.0,34.3,234,Ghost,Fire,60,55,90,80,145,90,Ghost+Fire,False
610,Axew,5,0.6,18.0,64,Dragon,,46,87,60,57,30,40,,True
611,Fraxure,5,1.0,36.0,144,Dragon,,66,117,70,67,40,50,,True
612,Haxorus,5,1.8,105.5,243,Dragon,,76,147,90,97,60,70,,True
613,Cubchoo,5,0.5,8.5,61,Ice,,55,70,40,40,60,40,,True
614,Beartic,5,2.6,260.0,177,Ice,,95,130,80,50,70,80,,True
615,Cryogonal,5,1.1,148.0,180,Ice,,80,50,50,105,95,135,,True
616,Shelmet,5,0.4,7.7,61,Bug,,50,40,85,25,40,65,,True
617,Accelgor,5,0.8,25.3,173,Bug,,80,70,40,145,100,60,,True
618,Stunfisk,5,0.7,11.0,165,Ground,Electric,109,66,84,32,81,99,Ground+Electric,False
619,Mienfoo,5,0.9,20.0,70,Fighting,,45,85,50,65,55,50,,True
620,Mienshao,5,1.4,35.5,179,Fighting,,65,125,60,105,95,60,,True
621,Druddigon,5,1.6,139.0,170,Dragon,,77,120,90,48,60,90,,True
622,Golett,5,1.0,92.0,61,Ground,Ghost,59,74,50,35,35,50,Ground+Ghost,False
623,Golurk,5,2.8,330.0,169,Ground,Ghost,89,124,80,55,55,80,Ground+Ghost,False
624,Pawniard,5,0.5,10.2,68,Dark,Steel,45,85,70,60,40,40,Dark+Steel,False
625,Bisharp,5,1.6,70.0,172,Dark,Steel,65,125,100,70,60,70,Dark+Steel,False
626,Bouffalant,5,1.6,94.6,172,Normal,,95,110,95,55,40,95,,True
627,Rufflet,5,0.5,10.5,70,Normal,Flying,70,83,50,60,37,50,Normal+Flying,False
628,Braviary,5,1.5,41.0,179,Normal,Flying,100,123,75,80,57,75,Normal+Flying,False
629,Vullaby,5,0.5,9.0,74,Dark,Flying,70,55,75,60,45,65,Dark+Flying,False
630,Mandibuzz,5,1.2,39.5,179,Dark,Flying,110,65,105,80,55,95,Dark+Flying,False
631,Heatmor,5,1.4,58.0,169,Fire,,85,97,66,65,105,66,,True
632,Durant,5,0.3,33.0,169,Bug,Steel,58,109,112,109,48,48,Bug+Steel,False
633,Deino,5,0.8,17.3,60,Dark,Dragon,52,65,50,38,45,50,Dark+Dragon,False
634,Zweilous,5,1.4,50.0,147,Dark,Dragon,72,85,70,58,65,70,Dark+Dragon,False
635,Hydreigon,5,1.8,160.0,270,Dark,Dragon,92,105,90,98,125,90,Dark+Dragon,False
636,Larvesta,5,1.1,28.8,72,Bug,Fire,55,85,55,60,50,55,Bug+Fire,False
637,Volcarona,5,1.6,46.0,248,Bug,Fire,85,60,65,100,135,105,Bug+Fire,False
638,Cobalion,5,2.1,250.0,261,Steel,Fighting,91,90,129,108,90,72,Steel+Fighting,False
639,Terrakion,5,1.9,260.0,261,Rock,Fighting,91,129,90,108,72,90,Rock+Fighting,False
640,Virizion,5,2.0,200.0,261,Grass,Fighting,91,90,72,108,90,129,Grass+Fighting,False
641,Tornadus,5,1.5,63.0,261,Flying,,79,115,70,111,125,80,,True
642,Thundurus,5,1.5,61.0,261,Electric,Flying,79,115,70,111,125,80,Electric+Flying,False
643,Reshiram,5,3.2,330.0,306,Dragon,Fire,100,120,100,90,150,120,Dragon+Fire,False
644,Zekrom,5,2.9,345.0,306,Dragon,Electric,100,150,120,90,120,100,Dragon+Electric,False
645,Landorus,5,1.5,68.0,270,Ground,Flying,89,125,90,101,115,80,Ground+Flying,False
646,Kyurem,5,3.0,325.0,297,Dragon,Ice,125,130,90,95,130,90,Dragon+Ice,False
647,Keldeo,5,1.4,48.5,261,Water,Fighting,91,72,90,108,129,90,Water+Fighting,False
648,Meloetta,5,0.6,6.5,270,Normal,Psychic,100,77,77,90,128,128,Normal+Psychic,False
649,Genesect,5,1.5,82.5,270,Bug,Steel,71,120,95,99,120,95,Bug+Steel,False
650,Chespin,6,0.4,9.0,63,Grass,,56,61,65,38,48,45,,True
651,Quilladin,6,0.7,29.0,142,Grass,,61,78,95,57,56,58,,True
652,Chesnaught,6,1.6,90.0,239,Grass,Fighting,88,107,122,64,74,75,Grass+Fighting,False
653,Fennekin,6,0.4,9.4,61,Fire,,40,45,40,60,62,60,,True
654,Braixen,6,1.0,14.5,143,Fire,,59,59,58,73,90,70,,True
655,Delphox,6,1.5,39.0,240,Fire,Psychic,75,69,72,104,114,100,Fire+Psychic,False
656,Froakie,6,0.3,7.0,63,Water,,41,56,40,71,62,44,,True
657,Frogadier,6,0.6,10.9,142,Water,,54,63,52,97,83,56,,True
658,Greninja,6,1.5,40.0,239,Water,Dark,72,95,67,122,103,71,Water+Dark,False
659,Bunnelby,6,0.4,5.0,47,Normal,,38,36,38,57,32,36,,True
660,Diggersby,6,1.0,42.4,148,Normal,Ground,85,56,77,78,50,77,Normal+Ground,False
661,Fletchling,6,0.3,1.7,56,Normal,Flying,45,50,43,62,40,38,Normal+Flying,False
662,Fletchinder,6,0.7,16.0,134,Fire,Flying,62,73,55,84,56,52,Fire+Flying,False
663,Talonflame,6,1.2,24.5,175,Fire,Flying,78,81,71,126,74,69,Fire+Flying,False
664,Scatterbug,6,0.3,2.5,40,Bug,,38,35,40,35,27,25,,True
665,Spewpa,6,0.3,8.4,75,Bug,,45,22,60,29,27,30,,True
666,Vivillon,6,1.2,17.0,185,Bug,Flying,80,52,50,89,90,50,Bug+Flying,False
667,Litleo,6,0.6,13.5,74,Fire,Normal,62,50,58,72,73,54,Fire+Normal,False
668,Pyroar,6,1.5,81.5,177,Fire,Normal,86,68,72,106,109,66,Fire+Normal,False
669,Flabebe,6,0.1,0.1,61,Fairy,,44,38,39,42,61,79,,True
670,Floette,6,0.2,0.9,130,Fairy,,54,45,47,52,75,98,,True
671,Florges,6,1.1,10.0,248,Fairy,,78,65,68,75,112,154,,True
672,Skiddo,6,0.9,31.0,70,Grass,,66,65,48,52,62,57,,True
673,Gogoat,6,1.7,91.0,186,Grass,,123,100,62,68,97,81,,True
674,Pancham,6,0.6,8.0,70,Fighting,,67,82,62,43,46,48,,True
675,Pangoro,6,2.1,136.0,173,Fighting,Dark,95,124,78,58,69,71,Fighting+Dark,False
676,Furfrou,6,1.2,28.0,165,Normal,,75,80,60,102,65,90,,True
677,Espurr,6,0.3,3.5,71,Psychic,,62,48,54,68,63,60,,True
678,Meowstic,6,0.6,8.5,163,Psychic,,74,48,76,104,83,81,,True
679,Honedge,6,0.8,2.0,65,Steel,Ghost,45,80,100,28,35,37,Steel+Ghost,False
680,Doublade,6,0.8,4.5,157,Steel,Ghost,59,110,150,35,45,49,Steel+Ghost,False
681,Aegislash,6,1.7,53.0,234,Steel,Ghost,60,50,150,60,50,150,Steel+Ghost,False
682,Spritzee,6,0.2,0.5,68,Fairy,,78,52,60,23,63,65,,True
683,Aromatisse,6,0.8,15.5,162,Fairy,,101,72,72,29,99,89,,True
684,Swirlix,6,0.4,3.5,68,Fairy,,62,48,66,49,59,57,,True
685,Slurpuff,6,0.8,5.0,168,Fairy,,82,80,86,72,85,75,,True
686,Inkay,6,0.4,3.5,58,Dark,Psychic,53,54,53,45,37,46,Dark+Psychic,False
687,Malamar,6,1.5,47.0,169,Dark,Psychic,86,92,88,73,68,75,Dark+Psychic,False
688,Binacle,6,0.5,31.0,61,Rock,Water,42,52,67,50,39,56,Rock+Water,False
689,Barbaracle,6,1.3,96.0,175,Rock,Water,72,105,115,68,54,86,Rock+Water,False
690,Skrelp,6,0.5,7.3,64,Poison,Water,50,60,60,30,60,60,Poison+Water,False
691,Dragalge,6,1.8,81.5,173,Poison,Dragon,65,75,90,44,97,123,Poison+Dragon,False
692,Clauncher,6,0.5,8.3,66,Water,,50,53,62,44,58,63,,True
693,Clawitzer,6,1.3,35.3,100,Water,,71,73,88,59,120,89,,True
694,Helioptile,6,0.5,6.0,58,Electric,Normal,44,38,33,70,61,43,Electric+Normal,False
695,Heliolisk,6,1.0,21.0,168,Electric,Normal,62,55,52,109,109,94,Electric+Normal,False
696,Tyrunt,6,0.8,26.0,72,Rock,Dragon,58,89,77,48,45,45,Rock+Dragon,False
697,Tyrantrum,6,2.5,270.0,182,Rock,Dragon,82,121,119,71,69,59,Rock+Dragon,False
698,Amaura,6,1.3,25.2,72,Rock,Ice,77,59,50,46,67,63,Rock+Ice,False
699,Aurorus,6,2.7,225.0,104,Rock,Ice,123,77,72,58,99,92,Rock+Ice,False
700,Sylveon,6,1.0,23.5,184,Fairy,,95,65,65,60,110,130,,True
701,Hawlucha,6,0.8,21.5,175,Fighting,Flying,78,92,75,118,74,63,Fighting+Flying,False
702,Dedenne,6,0.2,2.2,151,Electric,Fairy,67,58,57,101,81,67,Electric+Fairy,False
703,Carbink,6,0.3,5.7,100,Rock,Fairy,50,50,150,50,50,150,Rock+Fairy,False
704,Goomy,6,0.3,2.8,60,Dragon,,45,50,35,40,55,75,,True
705,Sliggoo,6,0.8,17.5,158,Dragon,,68,75,53,60,83,113,,True
706,Goodra,6,2.0,150.5,270,Dragon,,90,100,70,80,110,150,,True
707,Klefki,6,0.2,3.0,165,Steel,Fairy,57,80,91,75,80,87,Steel+Fairy,False
708,Phantump,6,0.4,7.0,62,Ghost,Grass,43,70,48,38,50,60,Ghost+Grass,False
709,Trevenant,6,1.5,71.0,166,Ghost,Grass,85,110,76,56,65,82,Ghost+Grass,False
710,Pumpkaboo,6,0.4,5.0,67,Ghost,Grass,49,66,70,51,44,55,Ghost+Grass,False
711,Gourgeist,6,0.9,12.5,173,Ghost,Grass,65,90,122,84,58,75,Ghost+Grass,False
712,Bergmite,6,1.0,99.5,61,Ice,,55,69,85,28,32,35,,True
713,Avalugg,6,2.0,505.0,180,Ice,,95,117,184,28,44,46,,True
714,Noibat,6,0.5,8.0,49,Flying,Dragon,40,30,35,55,45,40,Flying+Dragon,False
715,Noivern,6,1.5,85.0,187,Flying,Dragon,85,70,80,123,97,80,Flying+Dragon,False
716,Xerneas,6,3.0,215.0,306,Fairy,,126,131,95,99,131,98,,True
717,Yveltal,6,5.8,203.0,306,Dark,Flying,126,131,95,99,131,98,Dark+Flying,False
718,Zygarde,6,5.0,305.0,270,Dragon,Ground,108,100,121,95,81,95,Dragon+Ground,False
719,Diancie,6,0.7,8.8,270,Rock,Fairy,50,100,150,50,100,150,Rock+Fairy,False
720,Hoopa,6,0.5,9.0,270,Psychic,Ghost,80,110,60,70,150,130,Psychic+Ghost,False
721,Volcanion,6,1.7,195.0,270,Fire,Water,80,110,120,70,130,90,Fire+Water,False
722,Rowlet,7,0.3,1.5,64,Grass,Flying,68,55,55,42,50,50,Grass+Flying,False
723,Dartrix,7,0.7,16.0,147,Grass,Flying,78,75,75,52,70,70,Grass+Flying,False
724,Decidueye,7,1.6,36.6,239,Grass,Ghost,78,107,75,70,100,100,Grass+Ghost,False
725,Litten,7,0.4,4.3,64,Fire,,45,65,40,70,60,40,,True
726,Torracat,7,0.7,25.0,147,Fire,,65,85,50,90,80,50,,True
727,Incineroar,7,1.8,83.0,239,Fire,Dark,95,115,90,60,80,90,Fire+Dark,False
728,Popplio,7,0.4,7.5,64,Water,,50,54,54,40,66,56,,True
729,Brionne,7,0.6,17.5,147,Water,,60,69,69,50,91,81,,True
730,Primarina,7,1.8,44.0,239,Water,Fairy,80,74,74,60,126,116,Water+Fairy,False
731,Pikipek,7,0.3,1.2,53,Normal,Flying,35,75,30,65,30,30,Normal+Flying,False
732,Trumbeak,7,0.6,14.8,124,Normal,Flying,55,85,50,75,40,50,Normal+Flying,False
733,Toucannon,7,1.1,26.0,218,Normal,Flying,80,120,75,60,75,75,Normal+Flying,False
734,Yungoos,7,0.4,6.0,51,Normal,,48,70,30,45,30,30,,True
735,Gumshoos,7,0.7,14.2,146,Normal,,88,110,60,45,55,60,,True
736,Grubbin,7,0.4,4.4,60,Bug,,47,62,45,46,55,45,,True
737,Charjabug,7,0.5,10.5,140,Bug,Electric,57,82,95,36,55,75,Bug+Electric,False
738,Vikavolt,7,1.5,45.0,225,Bug,Electric,77,70,90,43,145,75,Bug+Electric,False
739,Crabrawler,7,0.6,7.0,68,Fighting,,47,82,57,63,42,47,,True
740,Crabominable,7,1.7,180.0,167,Fighting,Ice,97,132,77,43,62,67,Fighting+Ice,False
741,Oricorio,7,0.6,3.4,167,Fire,Flying,75,70,70,93,98,70,Fire+Flying,False
742,Cutiefly,7,0.1,0.2,61,Bug,Fairy,40,45,40,84,55,40,Bug+Fairy,False
743,Ribombee,7,0.2,0.5,162,Bug,Fairy,60,55,60,124,95,70,Bug+Fairy,False
744,Rockruff,7,0.5,9.2,56,Rock,,45,65,40,60,30,40,,True
745,Lycanroc,7,0.8,25.0,170,Rock,,75,115,65,112,55,65,,True
746,Wishiwashi,7,0.2,0.3,61,Water,,45,20,20,40,25,25,,True
747,Mareanie,7,0.4,8.0,61,Poison,Water,50,53,62,45,43,52,Poison+Water,False
748,Toxapex,7,0.7,14.5,173,Poison,Water,50,63,152,35,53,142,Poison+Water,False
749,Mudbray,7,1.0,110.0,77,Ground,,70,100,70,45,45,55,,True
750,Mudsdale,7,2.5,920.0,175,Ground,,100,125,100,35,55,85,,True
751,Dewpider,7,0.3,4.0,54,Water,Bug,38,40,52,27,40,72,Water+Bug,False
752,Araquanid,7,1.8,82.0,159,Water,Bug,68,70,92,42,50,132,Water+Bug,False
753,Fomantis,7,0.3,1.5,50,Grass,,40,55,35,35,50,35,,True
754,Lurantis,7,0.9,18.5,168,Grass,,70,105,90,45,80,90,,True
755,Morelull,7,0.2,1.5,57,Grass,Fairy,40,35,55,15,65,75,Grass+Fairy,False
756,Shiinotic,7,1.0,11.5,142,Grass,Fairy,60,45,80,30,90,100,Grass+Fairy,False
757,Salandit,7,0.6,4.8,64,Poison,Fire,48,44,40,77,71,40,Poison+Fire,False
758,Salazzle,7,1.2,22.2,168,Poison,Fire,68,64,60,117,111,60,Poison+Fire,False
759,Stufful,7,0.5,6.8,68,Normal,Fighting,70,75,50,50,45,50,Normal+Fighting,False
760,Bewear,7,2.1,135.0,175,Normal,Fighting,120,125,80,60,55,60,Normal+Fighting,False
761,Bounsweet,7,0.3,3.2,42,Grass,,42,30,38,32,30,38,,True
762,Steenee,7,0.7,8.2,102,Grass,,52,40,48,62,40,48,,True
763,Tsareena,7,1.2,21.4,230,Grass,,72,120,98,72,50,98,,True
764,Comfey,7,0.1,0.3,170,Fairy,,51,52,90,100,82,110,,True
765,Oranguru,7,1.5,76.0,172,Normal,Psychic,90,60,80,60,90,110,Normal+Psychic,False
766,Passimian,7,2.0,82.8,172,Fighting,,100,120,90,80,40,60,,True
767,Wimpod,7,0.5,12.0,46,Bug,Water,25,35,40,80,20,30,Bug+Water,False
768,Golisopod,7,2.0,108.0,186,Bug,Water,75,125,140,40,60,90,Bug+Water,False
769,Sandygast,7,0.5,70.0,64,Ghost,Ground,55,55,80,15,70,45,Ghost+Ground,False
770,Palossand,7,1.3,250.0,168,Ghost,Ground,85,75,110,35,100,75,Ghost+Ground,False
771,Pyukumuku,7,0.3,1.2,144,Water,,55,60,130,5,30,130,,True
772,Type-Null,7,1.9,120.5,107,Normal,,95,95,95,59,95,95,,True
773,Silvally,7,2.3,100.5,257,Normal,,95,95,95,95,95,95,,True
774,Minior,7,0.3,40.0,154,Rock,Flying,60,60,100,60,60,100,Rock+Flying,False
775,Komala,7,0.4,19.9,168,Normal,,65,115,65,65,75,95,,True
776,Turtonator,7,2.0,212.0,170,Fire,Dragon,60,78,135,36,91,85,Fire+Dragon,False
777,Togedemaru,7,0.3,3.3,152,Electric,Steel,65,98,63,96,40,73,Electric+Steel,False
778,Mimikyu,7,0.2,0.7,167,Ghost,Fairy,55,90,80,96,50,105,Ghost+Fairy,False
779,Bruxish,7,0.9,19.0,166,Water,Psychic,68,105,70,92,70,70,Water+Psychic,False
780,Drampa,7,3.0,185.0,170,Normal,Dragon,78,60,85,36,135,91,Normal+Dragon,False
781,Dhelmise,7,3.9,210.0,181,Ghost,Grass,70,131,100,40,86,90,Ghost+Grass,False
782,Jangmo-O,7,0.6,29.7,60,Dragon,,45,55,65,45,45,45,,True
783,Hakamo-O,7,1.2,47.0,147,Dragon,Fighting,55,75,90,65,65,70,Dragon+Fighting,False
784,Kommo-O,7,1.6,78.2,270,Dragon,Fighting,75,110,125,85,100,105,Dragon+Fighting,False
785,Tapu-Koko,7,1.8,20.5,257,Electric,Fairy,70,115,85,130,95,75,Electric+Fairy,False
786,Tapu-Lele,7,1.2,18.6,257,Psychic,Fairy,70,85,75,95,130,115,Psychic+Fairy,False
787,Tapu-Bulu,7,1.9,45.5,257,Grass,Fairy,70,130,115,75,85,95,Grass+Fairy,False
788,Tapu-Fini,7,1.3,21.2,257,Water,Fairy,70,75,115,85,95,130,Water+Fairy,False
789,Cosmog,7,0.2,0.1,40,Psychic,,43,29,31,37,29,31,,True
790,Cosmoem,7,0.1,999.9,140,Psychic,,43,29,131,37,29,131,,True
791,Solgaleo,7,3.4,230.0,306,Psychic,Steel,137,137,107,97,113,89,Psychic+Steel,False
792,Lunala,7,4.0,120.0,306,Psychic,Ghost,137,113,89,97,137,107,Psychic+Ghost,False
793,Nihilego,7,1.2,55.5,257,Rock,Poison,109,53,47,103,127,131,Rock+Poison,False
794,Buzzwole,7,2.4,333.6,257,Bug,Fighting,107,139,139,79,53,53,Bug+Fighting,False
795,Pheromosa,7,1.8,25.0,257,Bug,Fighting,71,137,37,151,137,37,Bug+Fighting,False
796,Xurkitree,7,3.8,100.0,257,Electric,,83,89,71,83,173,71,,True
797,Celesteela,7,9.2,999.9,257,Steel,Flying,97,101,103,61,107,101,Steel+Flying,False
798,Kartana,7,0.3,0.1,257,Grass,Steel,59,181,131,109,59,31,Grass+Steel,False
799,Guzzlord,7,5.5,888.0,257,Dark,Dragon,223,101,53,43,97,53,Dark+Dragon,False
800,Necrozma,7,2.4,230.0,270,Psychic,,97,107,101,79,127,89,,True
801,Magearna,7,1.0,80.5,270,Steel,Fairy,80,95,115,65,130,115,Steel+Fairy,False
802,Marshadow,7,0.7,22.2,270,Fighting,Ghost,90,125,80,125,90,90,Fighting+Ghost,False
803,Poipole,7,0.6,1.8,189,Poison,,67,73,67,73,73,67,,True
804,Naganadel,7,3.6,150.0,243,Poison,Dragon,73,73,73,121,127,73,Poison+Dragon,False
805,Stakataka,7,5.5,820.0,257,Rock,Steel,61,131,211,13,53,101,Rock+Steel,False
806,Blacephalon,7,1.8,13.0,257,Fire,Ghost,53,127,53,107,151,79,Fire+Ghost,False
807,Zeraora,7,1.5,44.5,270,Electric,,88,112,75,143,102,80,,True
